{"cameraMode":{"drawMode":0,"name":"Shaded","section":"Shading Mode"},"sceneLighting":false,"audioPlay":false,"sceneViewState":{"showFog":true,"showMaterialUpdate":false,"showSkybox":false,"showFlares":true,"showImageEffects":true,"showParticleSystems":true},"in2DMode":false,"pivot":{"x":-53.61048126220703,"y":-15.331082344055176,"z":46.82301330566406},"rotation":{"x":0.14197710156440736,"y":-0.81391441822052,"z":0.22341811656951905,"w":0.5172203183174133},"size":0.9247457385063171,"orthographic":false}