{"cameraMode":{"drawMode":0,"name":"Shaded","section":"Shading Mode"},"sceneLighting":false,"audioPlay":false,"sceneViewState":{"showFog":true,"showMaterialUpdate":false,"showSkybox":false,"showFlares":true,"showImageEffects":true,"showParticleSystems":true},"in2DMode":false,"pivot":{"x":-5.960464477539063e-8,"y":0.7974763512611389,"z":-5.960464477539063e-8},"rotation":{"x":-0.34807565808296206,"y":0.35052916407585146,"z":-0.14238803088665009,"w":-0.8578720092773438},"size":0.9836377501487732,"orthographic":false}