{"cameraMode":{"drawMode":0,"name":"Shaded","section":"Shading Mode"},"sceneLighting":false,"audioPlay":false,"sceneViewState":{"showFog":true,"showMaterialUpdate":false,"showSkybox":false,"showFlares":true,"showImageEffects":true,"showParticleSystems":true},"in2DMode":false,"pivot":{"x":0.08360891044139862,"y":0.182508647441864,"z":-0.2460986077785492},"rotation":{"x":-0.1513351947069168,"y":0.17929141223430634,"z":-0.028034595772624017,"w":-0.9718103408813477},"size":0.19964207708835603,"orthographic":false}