{"cameraMode":{"drawMode":0,"name":"Shaded","section":"Shading Mode"},"sceneLighting":false,"audioPlay":false,"sceneViewState":{"showFog":true,"showMaterialUpdate":false,"showSkybox":false,"showFlares":true,"showImageEffects":true,"showParticleSystems":true},"in2DMode":false,"pivot":{"x":-54.438018798828128,"y":-15.21629524230957,"z":45.26959991455078},"rotation":{"x":0.06941232830286026,"y":0.9293143153190613,"z":-0.2813677191734314,"w":0.22920671105384828},"size":2.7060587406158449,"orthographic":false}