{"cameraMode":{"drawMode":0,"name":"Shaded","section":"Shading Mode"},"sceneLighting":false,"audioPlay":false,"sceneViewState":{"showFog":true,"showMaterialUpdate":false,"showSkybox":false,"showFlares":true,"showImageEffects":true,"showParticleSystems":true},"in2DMode":false,"pivot":{"x":-37.94881820678711,"y":7.318472862243652,"z":75.08230590820313},"rotation":{"x":-0.0689590722322464,"y":0.7025489211082459,"z":-0.06871730834245682,"w":-0.7050595283508301},"size":5.4867472648620609,"orthographic":false}