{"cameraMode":{"drawMode":0,"name":"Shaded","section":"Shading Mode"},"sceneLighting":false,"audioPlay":false,"sceneViewState":{"showFog":true,"showMaterialUpdate":false,"showSkybox":false,"showFlares":true,"showImageEffects":true,"showParticleSystems":true},"in2DMode":false,"pivot":{"x":5.637264728546143,"y":5.590079307556152,"z":-11.829063415527344},"rotation":{"x":-0.3828384578227997,"y":0.30819156765937807,"z":-0.1372048705816269,"w":-0.8600444197654724},"size":2.123676061630249,"orthographic":false}