{"cameraMode":{"drawMode":0,"name":"Shaded","section":"Shading Mode"},"sceneLighting":false,"audioPlay":false,"sceneViewState":{"showFog":true,"showMaterialUpdate":false,"showSkybox":false,"showFlares":true,"showImageEffects":true,"showParticleSystems":true},"in2DMode":false,"pivot":{"x":-0.33078640699386599,"y":1.0175533294677735,"z":-0.49956488609313967},"rotation":{"x":0.2978971302509308,"y":0.19159485399723054,"z":-0.061161819845438007,"w":0.9331887364387512},"size":1.3156431913375855,"orthographic":false}