{"cameraMode":{"drawMode":0,"name":"Shaded","section":"Shading Mode"},"sceneLighting":false,"audioPlay":false,"sceneViewState":{"showFog":true,"showMaterialUpdate":false,"showSkybox":false,"showFlares":true,"showImageEffects":true,"showParticleSystems":true},"in2DMode":false,"pivot":{"x":103.83259582519531,"y":-6.028926849365234,"z":120.29761505126953},"rotation":{"x":0.21869149804115296,"y":-0.2685505747795105,"z":0.06280376762151718,"w":0.9361792206764221},"size":22.005056381225587,"orthographic":false}