{"cameraMode":{"drawMode":0,"name":"Shaded","section":"Shading Mode"},"sceneLighting":false,"audioPlay":false,"sceneViewState":{"showFog":true,"showMaterialUpdate":false,"showSkybox":false,"showFlares":true,"showImageEffects":true,"showParticleSystems":true},"in2DMode":false,"pivot":{"x":0.014794617891311646,"y":0.27928364276885989,"z":-0.0027732253074645998},"rotation":{"x":-0.34807565808296206,"y":0.35052916407585146,"z":-0.14238803088665009,"w":-0.8578720092773438},"size":0.5312955975532532,"orthographic":false}